build,product,path,status,bytes,sha256,error
1.15.9.69722,wow_classic_era,Interface\SpellBook\UI-SpellbookPanel-TopLeft.blp,extracted,88580,bee083d07c2112d143c730a04c987389c8d816e56eb5413e2fd8247575ebd4bf,
1.15.9.69722,wow_classic_era,Interface\SpellBook\UI-SpellbookPanel-TopRight.blp,extracted,44900,4c19a509a0519bbc55f0f93725bc4e71caef35752b9a57ce1b9d47e703f2369a,
1.15.9.69722,wow_classic_era,Interface\SpellBook\UI-SpellbookPanel-BotLeft.blp,extracted,88580,6221236c4b37ff8f1a31a51c34862f42e75be6e0d9e3216b3e6823a5d6a4fddc,
1.15.9.69722,wow_classic_era,Interface\SpellBook\UI-SpellbookPanel-BotRight.blp,extracted,44900,6bc6196c27bf13f86671b787fca5c364fb93bac78963aecddfb1ec42494ea7a8,
1.15.9.69722,wow_classic_era,Interface\SpellBook\Spellbook-Icon.blp,extracted,6660,62d35d24d7397f3e112849aa1b78c46cf220c736b829cdf356672f3f3dbc9dd5,
1.15.9.69722,wow_classic_era,Interface\SpellBook\UI-Spellbook-SpellBackground.blp,extracted,6660,9e3bfc1bfbaac1e4d3cd90f2472783b92b661ab1e18faec82ecf77742b4832b2,
1.15.9.69722,wow_classic_era,Interface\SpellBook\SpellBook-SkillLineTab.blp,extracted,6660,9034804b3236699f40d506dedc9562cee655f5c3f1f2c1044211158a604f7e1e,
1.15.9.69722,wow_classic_era,Interface\MainMenuBar\UI-MainMenuBar-Dwarf.blp,extracted,88580,2c170f01ad80d7c51944a9cfc052d47f1745a5edfd5213f06dfe66a08aa76626,
1.15.9.69722,wow_classic_era,Interface\MainMenuBar\UI-MainMenuBar-KeyRing.blp,extracted,44900,1d062952d8af6b30f96bd1728a86afdf4dc5cf024737396d07519c3ea9be33e8,
1.15.9.69722,wow_classic_era,Interface\MainMenuBar\UI-MainMenuBar-MaxLevel.blp,extracted,12132,f762a0cb9085752080ed08bf08f715829eb3e80d2bc136b6b914a26815dd0232,
1.15.9.69722,wow_classic_era,Interface\MainMenuBar\UI-MainMenuBar-EndCap-Human.blp,extracted,23044,63dd116618dc6aa6183da1e3836d7e58f27701da6f21b3413d148faa51ebeec6,
1.15.9.69722,wow_classic_era,Interface\MainMenuBar\UI-MainMenuBar-EndCap-Dwarf.blp,extracted,23044,3d5c6d5706d6bdba5b2ab6b879b50e9ed82475297d91fa73061eaa3f5a74dead,
1.15.9.69722,wow_classic_era,Interface\MainMenuBar\UI-MainMenuBar.blp,not_extracted,,,2
1.15.9.69722,wow_classic_era,Interface\MainMenuBar\UI-MainMenuBar-Experience.blp,not_extracted,,,2
1.15.9.69722,wow_classic_era,Interface\TargetingFrame\UI-TargetingFrame.blp,extracted,44900,780fbef19f13c878816d45e0ae96cf60b5f46d78f4acf51ba4f0c9e10cd9802e,
1.15.9.69722,wow_classic_era,Interface\TargetingFrame\UI-TargetingFrame-Elite.blp,extracted,44900,b8cd1770e42808c6a175b75047090c2920f2481bf5cdd83c09c6a0040cf89e97,
1.15.9.69722,wow_classic_era,Interface\TargetingFrame\UI-TargetingFrame-Rare.blp,extracted,44900,acc25cbe252f6b339d25f7ff3e55ac524c5761b1088ae3bb70a5f64306c063c5,
1.15.9.69722,wow_classic_era,Interface\TargetingFrame\UI-TargetingFrame-Rare-Elite.blp,extracted,44900,66b68fecb8b4de39ebc8aac152460ed76a2ec94a6ae62c8ee1938ef7c02273c5,
1.15.9.69722,wow_classic_era,Interface\TargetingFrame\UI-StatusBar.blp,extracted,1532,233168bdc2faf17ba297c7a0a310560c55f1ce7fca5b91aac558e56217db945d,
1.15.9.69722,wow_classic_era,Interface\Minimap\UI-Minimap-Border.blp,extracted,88580,80b19ae90f23ea30be5c8a3c9dffb47642846a1c7fbede7490a9c6dbf97e639b,
1.15.9.69722,wow_classic_era,Interface\Minimap\MiniMap-TrackingBorder.blp,extracted,6660,863708bbe6e1b2b7f6fb82385457eba32dc59cba62c90cebf0d2f3ebc29407ac,
1.15.9.69722,wow_classic_era,Interface\CastingBar\UI-CastingBar-Border-Small.blp,extracted,23060,a2ace7f0bab923ec463ce4ceaf9e81810210a74928f9386c2c63c4674f4c8fb7,
1.15.9.69722,wow_classic_era,Interface\CastingBar\UI-CastingBar-Border.blp,extracted,23060,ae93db619046c0f525205c5f008ce4b54e02a0a780bb42d0699b0c7da63dfe62,
1.15.9.69722,wow_classic_era,Interface\Buttons\UI-Quickslot2.blp,extracted,3916,650b959a820df26c866ee597887a77f9960b92e2a1a885bbbd083ecfd6b0e477,
1.15.9.69722,wow_classic_era,Interface\Buttons\UI-Quickslot.blp,extracted,6660,018333c0d6ae146818bd5b01bff1e6a9f2d3c6c36a872ae2f252dc4dc47e685d,
1.15.9.69722,wow_classic_era,Interface\Buttons\UI-MicroButton-Character-Up.blp,not_extracted,,,2
1.15.9.69722,wow_classic_era,Interface\Buttons\UI-MicroButton-Spellbook-Up.blp,extracted,3940,f517f7e622be302a880e0311adade9ce8f9c13dc8a5a377500abcb2b555f8a2d,
1.15.9.69722,wow_classic_era,Interface\Buttons\UI-MicroButton-Talents-Up.blp,extracted,3940,252fe1130524265c208d15f01ee0a11c89851084cdb3eaed47a4fb76e4ee1b27,
1.15.9.69722,wow_classic_era,Interface\Buttons\UI-MicroButton-Quest-Up.blp,extracted,3940,c61f3386991e79d0ec17814b53a7493782caa818cd0ec4740f6b4652c7655e4e,
1.15.9.69722,wow_classic_era,Interface\Buttons\UI-MicroButton-Socials-Up.blp,extracted,3940,4ffd15080a3746539c77e52975131fc23471820bff5fafec8177e33175daa339,
1.15.9.69722,wow_classic_era,Interface\Buttons\UI-MicroButton-MainMenu-Up.blp,extracted,3940,d700a588a004039ca14a9617e2242da028d7a8e4e5120c4481c1e80951ea3270,
2.5.6.69795,wow_anniversary,Interface\SpellBook\UI-SpellbookPanel-TopLeft.blp,extracted,88580,bee083d07c2112d143c730a04c987389c8d816e56eb5413e2fd8247575ebd4bf,
2.5.6.69795,wow_anniversary,Interface\SpellBook\UI-SpellbookPanel-TopRight.blp,extracted,44900,4c19a509a0519bbc55f0f93725bc4e71caef35752b9a57ce1b9d47e703f2369a,
2.5.6.69795,wow_anniversary,Interface\SpellBook\UI-SpellbookPanel-BotLeft.blp,extracted,88580,6221236c4b37ff8f1a31a51c34862f42e75be6e0d9e3216b3e6823a5d6a4fddc,
2.5.6.69795,wow_anniversary,Interface\SpellBook\UI-SpellbookPanel-BotRight.blp,extracted,44900,6bc6196c27bf13f86671b787fca5c364fb93bac78963aecddfb1ec42494ea7a8,
2.5.6.69795,wow_anniversary,Interface\SpellBook\Spellbook-Icon.blp,extracted,6660,62d35d24d7397f3e112849aa1b78c46cf220c736b829cdf356672f3f3dbc9dd5,
2.5.6.69795,wow_anniversary,Interface\SpellBook\UI-Spellbook-SpellBackground.blp,extracted,6660,9e3bfc1bfbaac1e4d3cd90f2472783b92b661ab1e18faec82ecf77742b4832b2,
2.5.6.69795,wow_anniversary,Interface\SpellBook\SpellBook-SkillLineTab.blp,extracted,6660,9034804b3236699f40d506dedc9562cee655f5c3f1f2c1044211158a604f7e1e,
2.5.6.69795,wow_anniversary,Interface\MainMenuBar\UI-MainMenuBar-Dwarf.blp,extracted,88580,2c170f01ad80d7c51944a9cfc052d47f1745a5edfd5213f06dfe66a08aa76626,
2.5.6.69795,wow_anniversary,Interface\MainMenuBar\UI-MainMenuBar-KeyRing.blp,extracted,44900,1d062952d8af6b30f96bd1728a86afdf4dc5cf024737396d07519c3ea9be33e8,
2.5.6.69795,wow_anniversary,Interface\MainMenuBar\UI-MainMenuBar-MaxLevel.blp,extracted,12132,f762a0cb9085752080ed08bf08f715829eb3e80d2bc136b6b914a26815dd0232,
2.5.6.69795,wow_anniversary,Interface\MainMenuBar\UI-MainMenuBar-EndCap-Human.blp,extracted,23044,63dd116618dc6aa6183da1e3836d7e58f27701da6f21b3413d148faa51ebeec6,
2.5.6.69795,wow_anniversary,Interface\MainMenuBar\UI-MainMenuBar-EndCap-Dwarf.blp,extracted,23044,3d5c6d5706d6bdba5b2ab6b879b50e9ed82475297d91fa73061eaa3f5a74dead,
2.5.6.69795,wow_anniversary,Interface\MainMenuBar\UI-MainMenuBar.blp,not_extracted,,,2
2.5.6.69795,wow_anniversary,Interface\MainMenuBar\UI-MainMenuBar-Experience.blp,not_extracted,,,2
2.5.6.69795,wow_anniversary,Interface\TargetingFrame\UI-TargetingFrame.blp,extracted,44900,780fbef19f13c878816d45e0ae96cf60b5f46d78f4acf51ba4f0c9e10cd9802e,
2.5.6.69795,wow_anniversary,Interface\TargetingFrame\UI-TargetingFrame-Elite.blp,extracted,44900,b8cd1770e42808c6a175b75047090c2920f2481bf5cdd83c09c6a0040cf89e97,
2.5.6.69795,wow_anniversary,Interface\TargetingFrame\UI-TargetingFrame-Rare.blp,extracted,44900,acc25cbe252f6b339d25f7ff3e55ac524c5761b1088ae3bb70a5f64306c063c5,
2.5.6.69795,wow_anniversary,Interface\TargetingFrame\UI-TargetingFrame-Rare-Elite.blp,extracted,44900,06a1d8448b71e306abc16e0ed99979a154a745a4084e64263f3e6e6495921313,
2.5.6.69795,wow_anniversary,Interface\TargetingFrame\UI-StatusBar.blp,extracted,1532,233168bdc2faf17ba297c7a0a310560c55f1ce7fca5b91aac558e56217db945d,
2.5.6.69795,wow_anniversary,Interface\Minimap\UI-Minimap-Border.blp,extracted,88580,67fd1ead8810b56fc80fb39ecc5323b1b9ce3d4e48fec336a1aa2f6c5117fc02,
2.5.6.69795,wow_anniversary,Interface\Minimap\MiniMap-TrackingBorder.blp,extracted,6660,863708bbe6e1b2b7f6fb82385457eba32dc59cba62c90cebf0d2f3ebc29407ac,
2.5.6.69795,wow_anniversary,Interface\CastingBar\UI-CastingBar-Border-Small.blp,extracted,23060,a2ace7f0bab923ec463ce4ceaf9e81810210a74928f9386c2c63c4674f4c8fb7,
2.5.6.69795,wow_anniversary,Interface\CastingBar\UI-CastingBar-Border.blp,extracted,23060,ae93db619046c0f525205c5f008ce4b54e02a0a780bb42d0699b0c7da63dfe62,
2.5.6.69795,wow_anniversary,Interface\Buttons\UI-Quickslot2.blp,extracted,3916,650b959a820df26c866ee597887a77f9960b92e2a1a885bbbd083ecfd6b0e477,
2.5.6.69795,wow_anniversary,Interface\Buttons\UI-Quickslot.blp,extracted,6660,018333c0d6ae146818bd5b01bff1e6a9f2d3c6c36a872ae2f252dc4dc47e685d,
2.5.6.69795,wow_anniversary,Interface\Buttons\UI-MicroButton-Character-Up.blp,not_extracted,,,2
2.5.6.69795,wow_anniversary,Interface\Buttons\UI-MicroButton-Spellbook-Up.blp,extracted,3940,f517f7e622be302a880e0311adade9ce8f9c13dc8a5a377500abcb2b555f8a2d,
2.5.6.69795,wow_anniversary,Interface\Buttons\UI-MicroButton-Talents-Up.blp,extracted,3940,252fe1130524265c208d15f01ee0a11c89851084cdb3eaed47a4fb76e4ee1b27,
2.5.6.69795,wow_anniversary,Interface\Buttons\UI-MicroButton-Quest-Up.blp,extracted,3940,c61f3386991e79d0ec17814b53a7493782caa818cd0ec4740f6b4652c7655e4e,
2.5.6.69795,wow_anniversary,Interface\Buttons\UI-MicroButton-Socials-Up.blp,extracted,3940,4ffd15080a3746539c77e52975131fc23471820bff5fafec8177e33175daa339,
2.5.6.69795,wow_anniversary,Interface\Buttons\UI-MicroButton-MainMenu-Up.blp,extracted,3940,d700a588a004039ca14a9617e2242da028d7a8e4e5120c4481c1e80951ea3270,
1.15.9.69722,wow_classic_era,Interface\Tooltips\UI-Tooltip-Background.blp,extracted,6660,cf44686081767a422a601e566c936e98edf857b9f8717c40993a6c898171f87e,
1.15.9.69722,wow_classic_era,Interface\Tooltips\UI-Tooltip-Border.blp,extracted,3940,6a6a1946032606c1237fce51746411282383869e021bacdf4043d4b8a11c84fc,
1.15.9.69722,wow_classic_era,Interface\QuestFrame\UI-QuestGreeting-TopLeft.blp,extracted,88580,88486e1ff62e2a56edbece3eca48ce2b83672d1e5c16fc39ffa3f300c09a61fa,
1.15.9.69722,wow_classic_era,Interface\QuestFrame\UI-QuestGreeting-TopRight.blp,extracted,44900,f858fd4fb92ea13a187ea77201fb9139e4ec36c407678e7b7024b8059a59c1c8,
1.15.9.69722,wow_classic_era,Interface\QuestFrame\UI-QuestGreeting-BotLeft.blp,extracted,88580,d5bcb93fab8806cf3a7d95c4ecac690ccaafd92290bf0ea2864d5ef0267b9b98,
1.15.9.69722,wow_classic_era,Interface\QuestFrame\UI-QuestGreeting-BotRight.blp,extracted,44900,54942b22098ba5b38382cd64e5e0b3bba93a7f5c2b6427b4f6d5950122bdb534,
